{"cameraMode":{"drawMode":0,"name":"Shaded","section":"Shading Mode"},"sceneLighting":false,"audioPlay":false,"sceneViewState":{"showFog":false,"showMaterialUpdate":false,"showSkybox":false,"showFlares":false,"showImageEffects":false,"showParticleSystems":false},"in2DMode":false,"pivot":{"x":40.96906661987305,"y":0.2935222089290619,"z":50.81475067138672},"rotation":{"x":0.02733161672949791,"y":-0.9666908383369446,"z":0.11686857789754868,"w":0.22613376379013062},"size":6.540982723236084,"orthographic":false}