{"cameraMode":{"drawMode":0,"name":"Shaded","section":"Shading Mode"},"sceneLighting":false,"audioPlay":false,"sceneViewState":{"showFog":false,"showMaterialUpdate":false,"showSkybox":false,"showFlares":false,"showImageEffects":false,"showParticleSystems":false},"in2DMode":false,"pivot":{"x":2.026308059692383,"y":8.129695892333985,"z":-0.5471925735473633},"rotation":{"x":0.014068246819078923,"y":-0.9838062524795532,"z":0.1550402045249939,"w":0.08906956762075424},"size":37.45056915283203,"orthographic":false}